<Ui xmlns="http://www.blizzard.com/wow/ui/" xmlns:xsi="http://www.w3.org/2001/XMLSchema-instance"
    xsi:schemaLocation="http://www.blizzard.com/wow/ui/..\FrameXML\UI.xsd">
    <Script file="LootRes.lua"/>

    <Frame name="LootResLoadFromText" hidden="true" toplevel="true"
           parent="UIParent" movable="true" enableMouse="true">
        <Size>
            <AbsDimension x="450" y="470"/>
        </Size>
        <Anchors>
            <Anchor point="CENTER"/>
        </Anchors>
        <Backdrop bgFile="Interface\DialogFrame\UI-DialogBox-Background"
                  tile="true">
            <EdgeSize>
                <AbsValue val="16"/>
            </EdgeSize>
            <TileSize>
                <AbsValue val="16"/>
            </TileSize>
            <BackgroundInsets>
                <AbsInset left="4" right="4" top="4" bottom="4"/>
            </BackgroundInsets>
        </Backdrop>
        <Layers>
            <Layer level="OVERLAY">
                <FontString name="$parentTitle" inherits="GameFontNormal" text="Load reserves from text">
                    <Anchors>
                        <Anchor point="TOP">
                            <Offset>
                                <AbsDimension x="0" y="-11"/>
                            </Offset>
                        </Anchor>
                    </Anchors>
                </FontString>
            </Layer>
        </Layers>
        <Frames>

            <Button name="$parentLoadText" hidden="false" inherits="UIPanelButtonTemplate" text="Load">
                <Size>
                    <AbsDimension x="80" y="21"/>
                </Size>
                <Color r="1" g="0" b="1" a="0.5"/>
                <Anchors>
                    <Anchor point="TOPRIGHT">
                        <Offset>
                            <AbsDimension x="-5" y="-7"/>
                        </Offset>
                    </Anchor>
                </Anchors>
                <Scripts>
                    <OnClick>
                        LootResLoadText()
                    </OnClick>

                </Scripts>
            </Button>

            <EditBox name="$parentTextBox" multiLine="true" letters="5500" autoFocus="false">
                <Anchors>
                    <Anchor point="TOP">
                        <Offset>
                            <AbsDimension x="0" y="-30"/>
                        </Offset>
                    </Anchor>
                </Anchors>
                <Size>
                    <AbsDimension x="440" y="430"/>
                </Size>
                <FontString inherits="ChatFontNormal"/>

                <Backdrop bgFile="Interface\DialogFrame\UI-DialogBox-Background"
                          tile="true">
                </Backdrop>
                <Scripts>
                    <OnEscapePressed>
                        this:ClearFocus()
                    </OnEscapePressed>
                </Scripts>
            </EditBox>

        </Frames>
        <Scripts>
            <OnLoad>
                this:RegisterForDrag("LeftButton");
                this:SetMovable(1);
                this:SetUserPlaced(true);
            </OnLoad>
            <OnDragStart>
                this:StartMoving();
                this.isMoving = true;
            </OnDragStart>
            <OnDragStop>
                this:StopMovingOrSizing();
                this.isMoving = false;
            </OnDragStop>
        </Scripts>
    </Frame>

    <Frame name="LootResWindow" hidden="true" toplevel="true"
           parent="UIParent" movable="true" enableMouse="true">
        <Size>
            <AbsDimension x="250" y="140"/>
        </Size>
        <Anchors>
            <Anchor point="CENTER"/>
        </Anchors>
        <Backdrop bgFile="Interface\DialogFrame\UI-DialogBox-Background"
                  tile="true">
            <EdgeSize>
                <AbsValue val="16"/>
            </EdgeSize>
            <TileSize>
                <AbsValue val="16"/>
            </TileSize>
            <BackgroundInsets>
                <AbsInset left="4" right="4" top="4" bottom="4"/>
            </BackgroundInsets>
        </Backdrop>
        <Layers>
            <Layer level="OVERLAY">
                <FontString name="$parentTitle" inherits="GameFontNormal" text="LootRes">
                    <Anchors>
                        <Anchor point="TOP">
                            <Offset>
                                <AbsDimension x="0" y="-8"/>
                            </Offset>
                        </Anchor>
                    </Anchors>
                </FontString>
                <FontString name="$parentItem" inherits="GameFontNormal" text="[item]">
                    <Anchors>
                        <Anchor point="TOP">
                            <Offset>
                                <AbsDimension x="0" y="-28"/>
                            </Offset>
                        </Anchor>
                    </Anchors>
                </FontString>
                <FontString name="$parentHistory" inherits="GameFontNormal" text="[history]">
                    <Size>
                        <AbsDimension x="250" y="80"/>
                    </Size>
                    <Anchors>
                        <Anchor point="TOP">
                            <Offset>
                                <AbsDimension x="0" y="-28"/>
                            </Offset>
                        </Anchor>
                    </Anchors>
                </FontString>
            </Layer>
        </Layers>
        <Frames>


            <Button name="$parentCloseButton" inherits="UIPanelButtonTemplate" text="x">
                <NormalTexture inherits=""/>
                <PushedTexture inherits=""/>
                <DisabledTexture inherits=""/>
                <HighlightTexture inherits=""/>
                <NormalFont inherits="GameFontRed"/>
                <Size>
                    <AbsDimension x="21" y="21"/>
                </Size>
                <Anchors>
                    <Anchor point="TOPRIGHT">
                        <Offset>
                            <AbsDimension x="-6" y="-5"/>
                        </Offset>
                    </Anchor>
                </Anchors>
                <Scripts>
                    <OnClick>
                        LootResWindow:Hide()
                    </OnClick>

                </Scripts>
            </Button>

            <Button name="$parentMSButton" hidden="false" inherits="UIPanelButtonTemplate" text="Save MS">
                <Size>
                    <AbsDimension x="80" y="21"/>
                </Size>
                <Color r="1" g="0" b="1" a="0.5"/>
                <Anchors>
                    <Anchor point="BOTTOM">
                        <Offset>
                            <AbsDimension x="0" y="7"/>
                        </Offset>
                    </Anchor>
                </Anchors>
                <Scripts>
                    <OnClick>
                        saveMS()
                    </OnClick>

                </Scripts>
            </Button>


        </Frames>

        <Scripts>
            <OnLoad>
                this:RegisterForDrag("LeftButton");
                this:SetMovable(1);
                this:SetUserPlaced(true);
            </OnLoad>
            <OnDragStart>
                this:StartMoving();
                this.isMoving = true;
            </OnDragStart>
            <OnDragStop>
                this:StopMovingOrSizing();
                this.isMoving = false;
                -- SaveFramePosition(this)
            </OnDragStop>
        </Scripts>
    </Frame>


</Ui>
